{"stats":{"minecraft:dropped":{"minecraft:note_block":131,"minecraft:piston":132,"minecraft:lever":547,"minecraft:oak_trapdoor":66,"minecraft:detector_rail":67,"minecraft:minecart":1,"minecraft:sticky_piston":260,"minecraft:obsidian":2,"minecraft:composter":66,"minecraft:hopper_minecart":1,"minecraft:observer":196,"minecraft:activator_rail":3,"minecraft:slime_block":2,"minecraft:comparator":196,"minecraft:command_block":1,"minecraft:blue_stained_glass":2,"minecraft:oak_sign":35,"minecraft:rail":67,"minecraft:target":3,"minecraft:iron_block":1096,"minecraft:redstone_lamp":66,"minecraft:stone_button":67,"minecraft:iron_trapdoor":2,"minecraft:oak_button":2,"minecraft:dispenser":3,"minecraft:dropper":2,"minecraft:repeater":201,"minecraft:wooden_axe":45,"minecraft:honey_block":2,"minecraft:hopper":2,"minecraft:stone_brick_wall":2,"minecraft:blue_ice":1,"minecraft:iron_door":64,"minecraft:chest":3,"minecraft:redstone_torch":70,"minecraft:writable_book":2,"minecraft:pumpkin_pie":69,"minecraft:bone_meal":4515,"minecraft:powered_rail":78,"minecraft:white_stained_glass":3,"minecraft:redstone_block":2,"minecraft:redstone":261,"minecraft:lectern":64},"minecraft:picked_up":{"minecraft:wooden_axe":343,"minecraft:stripped_oak_log":1,"minecraft:furnace_minecart":1,"minecraft:redstone_block":31,"minecraft:repeater":114,"minecraft:iron_trapdoor":1,"minecraft:iron_door":40,"minecraft:water_bucket":1,"minecraft:chest_minecart":94,"minecraft:redstone_lamp":1,"minecraft:stone_brick_wall":1,"minecraft:stone_brick_stairs":1,"minecraft:oak_trapdoor":1,"minecraft:moss_carpet":9,"minecraft:elytra":2,"minecraft:smooth_stone_slab":2,"minecraft:sticky_piston":69,"minecraft:white_stained_glass":1,"minecraft:oak_sign":2,"minecraft:activator_rail":8,"minecraft:detector_rail":1,"minecraft:comparator":145,"minecraft:bucket":2,"minecraft:redstone_torch":43,"minecraft:observer":3,"minecraft:azalea":2,"minecraft:hopper_minecart":2,"minecraft:lectern":2,"minecraft:minecart":2,"minecraft:powered_rail":16,"minecraft:moss_block":1,"minecraft:chest":19,"minecraft:piston":66,"minecraft:stone":2,"minecraft:composter":2,"minecraft:lava_bucket":2,"minecraft:note_block":2,"minecraft:dropper":1,"minecraft:target":1,"minecraft:stone_button":10,"minecraft:redstone":385,"minecraft:shulker_box":158,"minecraft:stone_pressure_plate":1,"minecraft:dispenser":16,"minecraft:command_block":1,"minecraft:slime_block":11,"minecraft:pumpkin_pie":3630,"minecraft:honey_block":16,"minecraft:lever":379,"minecraft:writable_book":4,"minecraft:iron_block":746,"minecraft:bone_meal":8083,"minecraft:oak_button":4,"minecraft:obsidian":28,"minecraft:rail":1,"minecraft:hopper":48},"minecraft:used":{"minecraft:oak_trapdoor":5,"minecraft:water_bucket":8,"minecraft:writable_book":11,"minecraft:dropper":77,"minecraft:carved_pumpkin":1,"minecraft:dispenser":24,"minecraft:red_concrete":2,"minecraft:powered_rail":94,"minecraft:redstone":4285,"minecraft:bone_block":5,"minecraft:elytra":1,"minecraft:oak_sign":121,"minecraft:chest":208,"minecraft:stone":1,"minecraft:redstone_block":170,"minecraft:composter":1390,"minecraft:clay":5,"minecraft:sculk_sensor":2,"minecraft:oak_leaves":1,"minecraft:spruce_leaves":4,"minecraft:white_wool":10,"minecraft:target":88,"minecraft:dirt":6,"minecraft:soul_sand":6,"minecraft:sand":1,"minecraft:rail":3,"minecraft:comparator":305,"minecraft:white_carpet":2,"minecraft:hopper":108,"minecraft:tnt":378,"minecraft:blue_stained_glass":33,"minecraft:birch_sign":2,"minecraft:blue_ice":28,"minecraft:shulker_box":2,"minecraft:note_block":574,"minecraft:stone_brick_wall":28,"minecraft:light_blue_stained_glass":25,"minecraft:cyan_stained_glass":14,"minecraft:obsidian":78,"minecraft:redstone_torch":391,"minecraft:sticky_piston":4067,"minecraft:lever":2064,"minecraft:piston":709,"minecraft:honey_block":25,"minecraft:activator_rail":22,"minecraft:lava_bucket":1,"minecraft:command_block":121,"minecraft:light_gray_concrete":17,"minecraft:oak_button":17,"minecraft:iron_block":14846,"minecraft:string":3,"minecraft:slime_block":70,"minecraft:stone_button":100,"minecraft:lectern":9,"minecraft:detector_rail":1,"minecraft:iron_door":132,"minecraft:barrel":19,"minecraft:repeater":991,"minecraft:redstone_lamp":152,"minecraft:emerald_block":4,"minecraft:iron_trapdoor":55,"minecraft:lime_stained_glass":46,"minecraft:white_stained_glass":325,"minecraft:gold_block":17,"minecraft:smooth_stone_slab":31,"minecraft:pumpkin_pie":16734,"minecraft:chest_minecart":2,"minecraft:stone_pressure_plate":10,"minecraft:observer":3693,"minecraft:pumpkin":20},"minecraft:custom":{"minecraft:inspect_dropper":133,"minecraft:inspect_hopper":182,"minecraft:tune_noteblock":15442,"minecraft:open_barrel":19,"minecraft:open_shulker_box":13,"minecraft:leave_game":94,"minecraft:time_since_death":236724063,"minecraft:time_since_rest":236724063,"minecraft:sprint_one_cm":1008000,"minecraft:walk_one_cm":2556650,"minecraft:drop":1362,"minecraft:fly_one_cm":38106804,"minecraft:open_chest":223,"minecraft:crouch_one_cm":97788,"minecraft:play_time":236724063,"minecraft:sneak_time":1756810,"minecraft:walk_under_water_one_cm":19982,"minecraft:interact_with_lectern":68,"minecraft:aviate_one_cm":4314940,"minecraft:jump":15498,"minecraft:walk_on_water_one_cm":2539,"minecraft:total_world_time":1128874624,"minecraft:inspect_dispenser":8}},"DataVersion":3700}